"start.p","end.p","type","nexons","start","end","chromosome","id","BF","reads.expected","reads.observed","reads.ratio"
389,390,"deletion",2,1569582,1570001,"chr1","chr1:1569582-1570001",20.7,245,57,0.233
8507,8508,"duplication",2,89476588,89477710,"chr1","chr1:89476588-89477710",16.2,432,775,1.79
9350,9358,"duplication",9,104160064,104166843,"chr1","chr1:104160064-104166843",17.9,879,1213,1.38
62192,62192,"duplication",1,55731671,55731779,"chr15","chr15:55731671-55731779",11.7,95,234,2.46
62267,62272,"deletion",6,56735629,56756445,"chr15","chr15:56735629-56756445",7.21,1033,772,0.747
66822,66828,"duplication",7,2165380,2168846,"chr16","chr16:2165380-2168846",10.1,3399,4123,1.21
67139,67143,"duplication",5,3079547,3085497,"chr16","chr16:3079547-3085497",6,2174,2613,1.2
72809,72810,"duplication",2,72091292,72092254,"chr16","chr16:72091292-72092254",12.3,174,328,1.89
100092,100096,"deletion",5,11355448,11358592,"chr2","chr2:11355448-11358592",6.52,718,521,0.726
107172,107173,"duplication",2,132288153,132289375,"chr2","chr2:132288153-132289375",6.21,809,1077,1.33
108880,108884,"deletion",5,170505693,170531279,"chr2","chr2:170505693-170531279",7.56,882,657,0.745
135097,135102,"deletion",6,180359782,180370054,"chr3","chr3:180359782-180370054",9.71,849,628,0.74
162494,162494,"deletion",1,6005269,6005343,"chr7","chr7:6005269-6005343",6.5,44,8,0.182
162654,162659,"deletion",6,6825581,6838174,"chr7","chr7:6825581-6838174",30.6,678,360,0.531
163160,163167,"deletion",8,21892086,21913119,"chr7","chr7:21892086-21913119",25.4,3118,2107,0.676
166033,166034,"deletion",2,89906388,89906648,"chr7","chr7:89906388-89906648",6.65,172,102,0.593
168495,168496,"deletion",2,122808429,122808615,"chr7","chr7:122808429-122808615",4.97,116,68,0.586
